[
  {
    "name": "KillAura",
    "enabled": false,
    "key": "R"
  },
  {
    "name": "Flight",
    "enabled": false,
    "key": "F"
  },
  {
    "name": "Clip",
    "enabled": false,
    "key": "G"
  },
  {
    "name": "Glide",
    "enabled": false,
    "key": "V"
  },
  {
    "name": "Speed",
    "enabled": false,
    "key": "X"
  },
  {
    "name": "Vclip",
    "enabled": false,
    "key": "N"
  },
  {
    "name": "Disabler",
    "enabled": false,
    "key": "NONE"
  },
  {
    "name": "SpinBot",
    "enabled": false,
    "key": "P"
  }
]